,XRAY:BAT_NAME,XRAY:RA,XRAY:DEC,XRAY:SNR,XRAY:COUNTERPART_NAME,XRAY:OTHER_NAME,XRAY:FLUX,XRAY:FLUX_LO,XRAY:FLUX_HI,XRAY:CONTA,XRAY:GAMMA,XRAY:GAMM_LO,XRAY:GAMM_HI,XRAY:CHI_SQ_R,XRAY:REDSHIFT,XRAY:LUM,XRAY:ASSOC_STREN,XRAY:CL2,XRAY:TYPE,IR:PSCNAME,IR:NHCON,IR:FNU_12,IR:FNU_25,IR:FNU_60,IR:FNU_100,IR:FQUAL_12,IR:FQUAL_25,IR:FQUAL_60,IR:FQUAL_100,IR:NLRS,IR:LRSCHAR,IR:RELUNC_12,IR:RELUNC_25,IR:RELUNC_60,IR:RELUNC_100,IR:TSNR_12,IR:TSNR_25,IR:TSNR_60,IR:TSNR_100,IR:CC_12,IR:CC_25,IR:CC_60,IR:CC_100,IR:VAR,IR:DISC,IR:CONFUSE,IR:PNEARH,IR:PNEARW,IR:SES1_12,IR:SES1_25,IR:SES1_60,IR:SES1_100,IR:SES2_12,IR:SES2_25,IR:SES2_60,IR:SES2_100,IR:HSDFLAG,IR:CIRR1,IR:CIRR2,IR:CIRR3,IR:NID,IR:IDTYPE,IR:MHCON,IR:FCOR_12,IR:FCOR_25,IR:FCOR_60,IR:FCOR_100,IR:RAT_12_25,IR:ERR_12_25,IR:RAT_25_60,IR:ERR_25_60,IR:RAT_60_100,IR:ERR_60_100
0,SWIFTJ0048.8+3155,12.1954,31.9569,87.68,Mrk348,,154.75,151.67,157.85,0.0,1.83,1.8,1.86,10.57,0.0150,43.91,1,7.0,BeamedAGN,00461+3141,2,0.3088,0.7733,1.439,1.832,2,3,3,3,0,,34,10,10,9,36,112,136,71,H,B,B,B,2.0,0,0,0,0,0,1,0,0,0,0,0,0,0,0,4,14,7,4,2.0,1104.0,1000.0,1000.0,1000.0,0.3993,35.44,0.5374,14.14,0.7855,13.45
1,SWIFTJ0107.7-1137B,16.9187,-11.6459,7.81,2MASXJ01073963-1139117,,12.73,9.88,15.9,0.0,1.95,1.66,2.27,2.6,0.0475,43.84,1,5.0,Sy2,01051-1155,2,0.3035,0.3214,0.5298,1.0,1,1,3,1,0,,0,0,10,0,0,0,63,45,H,H,B,G,,0,0,0,0,0,0,0,0,0,0,0,0,0,0,3,14,0,0,2.0,1000.0,1000.0,1000.0,1000.0,,,0.6066,-1.0,0.5298,-2.0
2,SWIFTJ0111.4-3808,17.8719,-38.0873,11.76,NGC424,,19.16,16.43,22.04,0.0,1.95,1.76,2.15,1.35,0.0118,42.79,1,5.0,Sy1.9,01091-3820,3,1.091,1.757,1.837,2.036,3,3,3,3,0,,6,7,8,8,152,287,179,62,A,A,A,B,8.0,0,0,0,0,0,0,0,0,0,0,0,0,0,1,1,9,2,4,3.0,1000.0,1000.0,1000.0,1000.0,0.6209,9.22,0.9565,10.63,0.9023,11.31
3,SWIFTJ0114.5-3236,18.536,-32.6603,7.33,IC1657,,15.3,11.77,19.08,0.0,1.44,1.11,1.78,0.27,0.0120,42.7,1,5.0,Sy2,01117-3254,2,0.25,0.3722,2.766,7.636,1,1,3,3,0,,0,0,12,12,0,81,241,235,D,C,A,A,,0,0,0,0,0,0,0,0,0,0,0,0,0,1,2,11,1,3,2.0,1000.0,1000.0,1000.0,1000.0,,,0.1346,-1.0,0.3622,16.97
4,SWIFTJ0116.3+3104,19.0608,31.0201,6.38,NGC452,,11.33,8.57,14.36,0.0,1.98,1.65,2.35,1.31,0.0166,42.86,1,5.0,Sy2,01134+3046,2,0.2797,0.25,0.6541,1.641,1,1,3,2,0,,0,0,10,10,0,0,67,56,I,,B,C,,0,0,0,0,0,0,0,0,0,0,0,0,0,1,5,15,3,1,2.0,1000.0,1000.0,1000.0,1000.0,,,0.3822,-1.0,0.3986,14.14
5,SWIFTJ0123.8-3504,20.976,-35.0625,52.59,NGC526A,,88.29,85.27,91.33,0.0,1.87,1.82,1.91,3.1,0.0191,43.87,1,5.0,Sy2,01216-3519,2,0.245,0.5184,0.4,1.0,3,3,1,1,0,,12,23,0,0,45,49,0,0,C,B,,,0.0,0,0,1,0,2,2,0,0,0,1,0,0,0,1,1,10,3,4,2.0,1199.0,1000.0,1000.0,1000.0,0.4726,25.94,1.296,-2.0,,
6,SWIFTJ0124.5+3350,21.1134,33.7818,11.39,NGC513,,21.17,18.06,24.46,0.0,1.75,1.55,1.96,1.17,0.0195,43.27,1,5.0,Sy2,01216+3332,3,0.25,0.2908,1.841,4.249,1,1,3,3,0,,0,0,9,8,0,58,201,114,L,D,A,A,,1,0,0,0,0,0,0,0,0,0,0,0,0,2,3,15,4,1,3.0,1000.0,1000.0,1000.0,1000.0,,,0.158,-1.0,0.4333,12.04
7,SWIFTJ0134.1-3625,23.4926,-36.4988,21.85,NGC612,,40.61,37.39,43.91,0.0,1.62,1.52,1.73,0.81,0.0298,43.93,1,5.0,Sy2,01317-3644,2,1.573,0.2797,1.613,5.242,1,1,3,3,0,,0,0,10,10,0,51,139,99,F,F,A,A,,1,0,0,0,0,0,0,0,0,0,0,0,0,0,2,9,7,4,2.0,1000.0,1000.0,1000.0,1000.0,,,0.1734,-1.0,0.3077,14.14
8,SWIFTJ0152.8-0329,28.1996,-3.4579,14.19,MCG-01-05-047,,24.45,21.35,27.73,0.0,1.94,1.77,2.12,2.18,0.0172,43.22,1,5.0,Sy2,01503-0341,2,0.25,0.7188,1.804,4.748,1,1,3,3,0,,0,0,11,13,0,56,182,148,F,B,B,A,,0,0,0,1,0,1,1,0,0,0,0,0,0,0,2,15,1,1,2.0,1000.0,1000.0,1000.0,1000.0,,,0.3984,-1.0,0.3799,17.03
9,SWIFTJ0228.1+3118,37.0612,31.3243,37.41,NGC931,,62.73,59.78,65.73,0.0,2.1,2.04,2.17,5.71,0.0167,43.61,1,4.0,Sy1.5,02252+3105,3,0.6621,1.313,2.762,4.919,3,3,3,3,0,,7,8,9,10,88,166,225,136,B,A,A,A,1.0,0,0,0,0,0,0,0,0,0,0,0,0,0,1,4,19,5,1,3.0,1000.0,1000.0,1000.0,1000.0,0.5043,10.63,0.4754,12.04,0.5615,13.45
10,SWIFTJ0231.6-3645,37.978,-36.6776,11.57,IC1816,,18.49,15.63,21.52,0.0,1.76,1.55,1.97,1.32,0.0170,43.09,1,4.0,Sy1.8,02297-3653,4,0.25,0.423,1.42,2.395,1,3,3,3,0,,0,7,7,6,0,68,162,85,G,B,A,B,,0,0,0,0,1,2,0,0,0,0,0,0,0,2,5,11,1,3,4.0,1000.0,1000.0,1000.0,1000.0,0.591,-1.0,0.2979,9.9,0.5929,9.22
11,SWIFTJ0234.1+3233,38.5791,32.5089,34.37,NGC973,,65.03,61.66,68.47,0.0,1.82,1.75,1.9,1.81,0.0162,43.6,1,5.0,Sy2,02313+3217,3,0.25,0.3128,1.683,3.696,1,2,3,3,0,,0,16,9,10,0,41,169,103,,D,A,A,,0,0,0,1,0,0,0,0,0,0,0,0,8,2,4,19,3,1,3.0,1000.0,1343.0,1000.0,1000.0,0.7992,-1.0,0.1859,18.36,0.4554,13.45
12,SWIFTJ0234.6-0848,38.662,-8.7925,20.78,NGC985,,32.21,29.33,35.2,0.0,2.12,1.99,2.25,0.62,0.0430,44.16,1,4.0,Sy1.5,02321-0900,3,0.2653,0.5482,1.443,2.0,1,3,3,3,0,,0,11,9,8,41,76,145,68,E,B,A,B,,0,0,0,0,0,1,0,0,0,0,0,0,0,0,3,13,5,1,3.0,1000.0,1049.0,1000.0,1000.0,0.4839,-1.0,0.3799,14.21,0.7215,12.04
13,SWIFTJ0242.6+0000,40.6629,-0.0035,22.48,NGC1068,,41.86,38.6,45.25,0.0,1.82,1.72,1.92,12.04,0.0038,42.14,1,5.0,Sy1.9,02401-0013,3,38.3,86.83,185.8,240.5,3,3,3,3,2,32.0,5,4,8,8,4517,8549,18202,12300,A,A,A,A,24.0,0,0,0,0,0,0,4,2,0,0,0,0,0,1,1,17,12,4,,,,,,0.4411,6.4,0.4673,8.94,0.7726,11.31
14,SWIFTJ0244.8+6227,41.2423,62.4702,54.63,[HB89]0241+622,,95.97,93.03,98.94,0.0,1.95,1.9,1.99,4.79,0.0440,44.65,1,4.0,Sy1.2,02410+6215,2,0.5931,0.8879,0.7709,32.3,3,2,1,1,0,,8,11,0,0,72,119,51,0,B,B,C,,5.0,0,0,1,1,1,0,0,0,0,0,0,0,8,7,5,84,6,4,2.0,1000.0,1000.0,1000.0,1000.0,0.668,13.6,1.1518,-2.0,,
15,SWIFTJ0251.3+5441,42.6966,54.7145,11.18,2MFGC02280,,23.9,20.64,27.33,0.0,1.6,1.41,1.79,1.74,0.0152,43.11,1,5.0,Sy2,02471+5430,3,0.2914,0.25,1.171,2.718,1,1,3,3,0,,0,0,8,11,0,0,104,41,F,,B,C,,0,0,0,1,0,0,0,0,0,0,0,0,8,8,6,43,0,0,3.0,1000.0,1000.0,1000.0,1000.0,,,0.2135,-1.0,0.4308,13.6
16,SWIFTJ0251.6-1639,42.9268,-16.6607,9.03,NGC1125,,14.35,11.49,17.46,0.0,2.02,1.74,2.32,2.13,0.0110,42.6,1,5.0,Sy2,02493-1651,3,0.25,0.8605,3.56,3.914,1,3,3,3,0,,0,9,10,9,41,101,357,115,E,B,A,A,,0,0,0,0,0,0,0,0,0,0,0,0,0,0,2,12,2,1,3.0,1000.0,1000.0,1000.0,1000.0,0.2905,-1.0,0.2417,13.45,0.9096,13.45
17,SWIFTJ0255.2-0011,43.8086,-0.1874,30.91,NGC1142,,58.57,54.99,62.22,0.0,1.74,1.66,1.82,0.87,0.0289,44.06,1,5.0,Sy2,02526-0023,4,0.2633,0.7025,5.32,11.59,2,3,3,3,0,,10,8,8,9,45,77,471,381,C,A,A,A,0.0,0,8,1,0,0,0,0,0,0,0,0,0,0,1,1,18,10,1,4.0,1234.0,1000.0,1000.0,1000.0,0.3748,12.81,0.132,11.31,0.459,12.04
18,SWIFTJ0308.2-2258,47.0416,-22.9474,8.22,NGC1229,,13.73,10.88,16.82,0.0,1.87,1.58,2.18,1.38,0.0360,43.63,1,5.0,Sy2,03059-2309,3,0.2198,0.8032,1.55,1.948,2,3,3,3,0,,10,9,8,13,43,110,166,50,F,B,A,A,3.0,0,0,0,0,0,0,0,0,0,0,0,0,0,0,3,10,5,4,3.0,1272.0,1000.0,1000.0,1000.0,0.2737,13.45,0.5182,12.04,0.7957,15.26
19,SWIFTJ0319.7+4132,49.9592,41.5134,69.32,NGC1275,,81.37,79.52,83.29,0.0,3.58,3.51,3.65,18.04,0.0176,43.77,1,7.0,BeamedAGN,03164+4119,3,0.9736,3.618,7.22,8.005,3,3,3,3,0,,6,6,9,9,127,518,691,211,A,A,A,A,12.0,0,0,0,0,0,0,0,0,0,0,0,0,0,3,4,24,22,4,4.0,1057.0,1000.0,1000.0,1000.0,0.2691,8.49,0.5011,10.82,0.9019,12.73
20,SWIFTJ0333.6-3607,53.3899,-36.141,44.39,NGC1365,,66.85,64.24,69.52,0.0,2.03,1.98,2.08,15.96,0.0055,42.66,1,5.0,Sy2,03317-3618,3,3.212,11.09,78.15,141.5,3,3,3,3,0,,4,5,10,7,436,1445,7287,5360,A,A,A,A,44.0,0,0,0,0,0,1,3,1,0,0,0,0,0,1,1,10,5,4,,,,,,0.2896,6.4,0.1419,11.18,0.5523,12.21
21,SWIFTJ0342.0-2115,55.5291,-21.2395,22.18,ESO548-G081,,34.9,31.96,37.93,0.0,1.98,1.86,2.1,1.74,0.0145,43.23,1,5.0,Sy1.9,03398-2124,3,0.3906,0.25,0.6393,1.889,1,1,3,3,0,,0,0,8,9,70,0,56,67,F,,C,B,,1,0,0,0,0,0,0,0,0,0,0,0,0,0,4,11,2,4,3.0,1000.0,1000.0,1000.0,1000.0,,,0.3911,-1.0,0.3384,12.04
22,SWIFTJ0357.5-6255,59.1071,-62.8585,8.71,2MASXJ03561995-6251391,,11.72,9.32,14.33,0.0,2.13,1.84,2.47,2.11,0.1076,44.55,1,5.0,Sy1.9,03556-6300,5,0.25,0.5305,0.9382,1.078,1,3,3,2,0,,0,9,14,9,68,70,35,38,G,A,A,B,,1,0,1,0,0,1,1,0,0,0,0,0,0,0,4,11,0,0,4.0,1000.0,1000.0,1000.0,1169.0,0.4713,-1.0,0.5654,16.64,0.8703,16.64
23,SWIFTJ0414.8-0754,63.7244,-7.9134,15.35,IRAS04124-0803,,22.55,19.88,25.36,0.0,2.36,2.18,2.56,0.79,0.0379,43.89,1,4.0,Sy1.5,04124-0803,2,0.2592,0.5368,0.6606,1.0,1,3,3,1,0,,0,10,9,0,0,82,64,0,D,A,C,H,,0,0,0,0,0,0,0,0,0,0,0,0,0,0,6,15,1,1,2.0,1000.0,1000.0,1000.0,1000.0,0.4829,-1.0,0.8126,13.45,0.6606,-2.0
24,SWIFTJ0423.5+0414,65.9158,4.1457,12.3,2MASXJ04234080+0408017,,23.83,20.41,27.43,0.0,1.95,1.76,2.15,1.71,0.0450,44.07,1,5.0,Sy2,04210+0400,5,0.2624,0.2176,0.5915,0.968,1,2,3,2,0,,0,14,6,11,0,38,50,41,,E,A,B,,0,0,1,0,0,0,3,0,0,0,1,0,0,8,6,30,2,3,6.0,1000.0,1477.0,1000.0,1446.0,1.2059,-1.0,0.3679,15.23,0.6111,12.53
25,SWIFTJ0433.0+0521,68.2954,5.3481,52.85,3C120,,103.19,99.57,106.85,0.0,1.97,1.92,2.02,1.52,0.0330,44.43,1,7.0,BeamedAGN,04305+0514,3,0.33,0.7077,1.315,2.644,3,3,3,3,0,,16,9,7,7,43,65,119,78,D,A,A,B,0.0,0,0,0,0,0,1,2,3,0,0,1,1,0,3,5,30,13,4,3.0,1151.0,1000.0,1000.0,1000.0,0.4663,18.36,0.5382,11.4,0.4974,9.9
26,SWIFTJ0436.3-1022,69.0905,-10.3766,9.41,Mrk618,,14.3,11.55,17.31,0.0,2.19,1.91,2.5,0.45,0.0355,43.63,1,4.0,Sy1.2,04339-1028,5,0.3341,0.7948,2.749,4.075,3,3,3,3,0,,7,7,7,7,35,105,233,149,B,A,A,A,40.0,0,0,1,0,0,1,0,0,0,0,0,0,0,0,4,16,4,1,5.0,1109.0,1000.0,1000.0,1000.0,0.4204,9.9,0.2891,9.9,0.6746,9.9
27,SWIFTJ0438.2-1048,69.5571,-10.7858,13.12,MCG-02-12-050,,21.33,18.4,24.43,0.0,2.04,1.85,2.25,1.78,0.0364,43.83,1,4.0,Sy1.2,04358-1053,4,0.25,0.3608,0.6878,1.717,1,1,3,3,0,,0,0,7,7,0,0,67,47,,F,B,B,,2,0,1,0,0,0,0,0,0,0,0,0,0,2,5,17,1,1,4.0,1000.0,1000.0,1000.0,1000.0,,,0.5246,-1.0,0.4006,9.9
28,SWIFTJ0441.2-2704,70.3344,-27.135,8.2,IRAS04392-2713,,11.6,9.06,14.41,0.0,2.16,1.84,2.52,0.39,0.0835,44.31,1,4.0,Sy1.5,04392-2713,2,0.3035,0.3095,0.7072,1.633,1,3,3,3,0,,0,11,45,9,0,46,52,64,I,C,B,B,,4,0,0,0,0,0,1,1,0,0,0,0,0,0,4,10,0,0,2.0,1000.0,1000.0,1000.0,1000.0,0.9806,-1.0,0.4376,46.32,0.4331,45.89
29,SWIFTJ0443.9+2856,70.9426,28.9711,16.4,UGC03142,,36.65,32.79,40.64,0.0,1.84,1.7,1.99,1.15,0.0217,43.61,1,4.0,Sy1,04406+2852,3,0.2727,0.2745,1.267,3.307,1,1,3,3,0,,0,0,9,11,0,0,108,61,J,H,A,B,,0,0,0,0,0,0,0,0,0,0,0,0,0,0,6,40,0,0,3.0,1000.0,1000.0,1000.0,1000.0,,,0.2167,-1.0,0.3831,14.21
30,SWIFTJ0446.4+1828,71.63,18.4484,6.05,UGC3157,,12.87,9.4,16.68,0.0,1.96,1.6,2.37,1.79,0.0154,42.85,1,5.0,Sy1.9,04435+1822,3,0.3298,0.7688,3.601,8.569,2,3,3,3,0,,16,9,9,10,34,69,294,115,A,A,A,B,9.0,0,0,0,0,0,1,1,3,0,0,0,1,0,5,5,43,4,4,3.0,1109.0,1000.0,1000.0,1000.0,0.429,18.36,0.2135,12.73,0.4202,13.45
31,SWIFTJ0453.4+0404,73.3457,4.0712,14.72,CGCG420-015,,28.21,24.81,31.81,0.0,2.03,1.86,2.21,1.92,0.0294,43.76,1,5.0,Sy2,04507+0358,3,0.2744,0.5844,0.6603,1.0,2,3,3,1,0,,12,10,11,0,37,70,73,0,G,A,A,,3.0,0,0,0,1,0,1,0,0,0,0,0,0,0,2,5,19,1,1,3.0,1224.0,1000.0,1000.0,1000.0,0.4695,15.62,0.8851,14.87,0.6603,-2.0
32,SWIFTJ0503.0+2302,75.7413,22.9889,8.76,LEDA097068,,18.31,15.17,21.75,0.0,2.26,2.01,2.54,1.77,0.0577,44.18,1,4.0,Sy1.5,04599+2255,3,0.3459,1.05,1.323,1.748,3,3,3,1,0,,8,16,9,0,46,62,107,0,C,A,A,,0.0,0,0,1,0,0,0,0,0,0,0,0,0,0,4,5,42,0,0,3.0,1109.0,1000.0,1000.0,1000.0,0.3294,17.89,0.7937,18.36,0.7569,-2.0
33,SWIFTJ0516.3+1928,79.0993,19.454,8.56,2MFGC04298,,18.94,15.39,22.76,0.0,2.06,1.79,2.35,0.61,0.0212,43.3,1,5.0,Sy2,05134+1923,2,0.3864,0.3278,0.8568,3.053,1,1,3,1,0,,0,0,10,0,0,0,70,0,F,,C,G,,0,0,1,0,0,0,0,0,0,0,0,0,8,9,6,47,0,0,3.0,1000.0,1000.0,1000.0,1000.0,,,0.3826,-1.0,0.2806,-2.0
34,SWIFTJ0516.4-1034,79.0946,-10.5544,9.15,MCG-02-14-009,,15.54,12.71,18.6,0.0,2.15,1.9,2.43,3.3,0.0285,43.47,1,5.0,Sy1.9,05139-1037,2,0.3509,0.25,0.4335,1.246,1,1,3,1,0,,0,0,11,0,0,0,43,0,,H,E,C,,0,0,1,0,0,0,0,0,0,0,0,0,0,1,6,24,1,1,3.0,1000.0,1000.0,1158.0,1000.0,,,0.5767,-1.0,0.3479,-2.0
35,SWIFTJ0501.9-3239,79.8845,-32.6592,33.4,ESO362-18,,50.61,47.67,53.63,0.0,1.91,1.83,1.99,1.8,0.0125,43.26,1,4.0,Sy1.5,05177-3242,4,0.25,0.5878,1.485,2.018,1,3,3,3,0,,0,8,8,7,70,92,119,66,L,A,A,B,,0,0,0,0,0,2,0,0,0,0,0,0,0,0,4,8,2,4,4.0,1000.0,1000.0,1000.0,1000.0,0.4253,-1.0,0.3958,11.31,0.7359,10.63
36,SWIFTJ0525.3-4600,81.3196,-45.9948,9.46,PKS0524-460,,19.01,15.6,22.61,0.0,1.39,1.14,1.65,0.42,1.4790,47.43,1,7.0,BeamedAGN,05238-4602,6,0.238,1.008,2.798,2.969,2,3,3,3,0,,21,6,7,11,41,102,101,46,E,A,A,A,14.0,1,0,0,0,0,2,0,0,0,0,0,0,0,1,3,10,1,3,6.0,1226.0,1000.0,1000.0,1000.0,0.2361,21.84,0.3603,9.22,0.9424,13.04
37,SWIFTJ0547.3+5042,86.8041,50.6551,11.62,2MASXJ05471492+5038251,,22.64,19.27,26.22,0.0,1.89,1.68,2.1,1.29,0.0360,43.85,1,5.0,Sy2,05433+5037,3,0.2659,0.3094,0.9178,1.883,1,1,3,2,0,,0,0,8,12,0,43,81,36,,F,B,B,,0,0,0,0,0,0,0,0,0,0,0,0,0,4,6,22,0,0,3.0,1000.0,1000.0,1000.0,1101.0,,,0.3371,-1.0,0.4874,14.42
38,SWIFTJ0552.2-0727,88.0479,-7.4558,161.74,NGC2110,,311.51,307.84,315.21,0.0,1.8,1.78,1.81,2.29,0.0078,43.64,1,5.0,Sy2,05497-0728,3,0.3697,0.8811,4.459,6.261,3,3,3,3,0,,9,8,9,11,41,128,326,92,D,A,A,A,6.0,0,0,0,0,0,1,0,0,0,0,0,0,8,5,5,44,2,4,3.0,1055.0,1000.0,1000.0,1000.0,0.4196,12.04,0.1976,12.04,0.7122,14.21
39,SWIFTJ0554.8+4625,88.7181,46.4391,73.04,MCG+08-11-011,,134.11,130.83,137.42,0.0,2.07,2.04,2.11,8.16,0.0205,44.12,1,4.0,Sy1.5,05511+4625,4,0.632,1.983,2.796,4.476,3,3,3,3,0,,6,7,8,8,64,201,249,100,B,A,A,A,53.0,0,0,0,0,0,1,0,0,0,0,0,0,0,0,5,24,5,4,4.0,1000.0,1000.0,1000.0,1000.0,0.3187,9.22,0.7092,10.63,0.6247,11.31
40,SWIFTJ0557.9-3822,89.5154,-38.3436,21.28,2MASXJ05580206-3820043,,29.11,26.68,31.64,0.0,2.29,2.16,2.42,2.96,0.0339,43.9,1,4.0,Sy1.2,05563-3820,4,0.5318,0.6914,0.4173,1.0,3,3,1,1,0,,6,7,0,0,61,109,44,0,C,A,E,H,24.0,0,0,0,0,0,1,0,0,0,0,0,0,0,0,5,11,2,4,4.0,1000.0,1000.0,1000.0,1000.0,0.7692,9.22,1.6568,-2.0,,
41,SWIFTJ0602.2+2829,90.5488,28.4706,32.67,IRAS05589+2828,,62.52,58.96,66.14,0.0,2.12,2.04,2.21,2.27,0.0330,44.21,1,4.0,Sy1.2,05589+2828,2,0.4125,0.6879,1.025,1.942,1,3,3,1,0,,0,20,11,0,38,85,82,42,D,B,C,B,,0,0,1,0,0,1,1,0,0,0,0,0,0,0,6,39,0,0,3.0,1000.0,1123.0,1000.0,1000.0,0.5997,-1.0,0.6711,22.83,0.5278,-2.0
42,SWIFTJ0615.8+7101,93.9015,71.0319,90.81,Mrk3,,164.29,161.1,167.52,0.0,1.68,1.66,1.71,18.09,0.0135,43.84,1,5.0,Sy1.9,06097+7103,3,0.6995,2.841,3.914,3.486,3,3,3,3,0,,6,6,8,9,82,341,276,48,A,A,A,A,0.0,0,0,0,0,0,1,0,0,0,0,0,0,8,5,5,18,8,4,3.0,1000.0,1000.0,1000.0,1000.0,0.2462,8.49,0.7259,10.0,1.1228,12.04
43,SWIFTJ0640.4-2554,100.0496,-25.8974,23.25,ESO490-IG026,,40.84,37.63,44.15,0.0,1.89,1.78,2.0,0.43,0.0248,43.77,1,4.0,Sy1.2,06381-2550,3,0.2561,0.7239,1.895,2.277,1,3,3,3,0,,0,8,8,8,47,117,210,100,J,A,A,A,,0,0,1,0,0,1,0,0,0,0,0,0,0,0,4,15,2,4,4.0,1000.0,1000.0,1000.0,1027.0,0.3538,-1.0,0.382,11.31,0.8322,11.31
44,SWIFTJ0654.6+0700,103.6447,7.048,8.93,1WGAJ0654.5+0703,,20.6,16.53,24.92,0.0,1.64,1.37,1.92,0.92,,,1,5.0,Sy1.9,06518+0707,2,0.3166,0.4385,0.469,1.473,1,2,3,1,0,,0,16,11,0,36,78,72,0,G,B,B,,,0,0,1,0,0,0,0,0,0,0,0,0,0,8,5,27,0,0,4.0,1000.0,1398.0,1197.0,1000.0,0.722,-1.0,0.935,19.42,0.3184,-2.0
45,SWIFTJ0656.4-4921,104.0635,-49.3373,6.62,2MASXJ06561197-4919499,,11.18,8.2,14.46,0.0,1.78,1.4,2.21,0.8,0.0410,43.65,1,5.0,Sy2,06549-4915,4,0.25,0.3688,0.462,1.137,1,3,1,1,0,,0,8,0,0,0,57,50,0,,B,E,I,,0,0,1,0,0,1,0,0,0,0,0,0,0,0,5,15,0,0,4.0,1000.0,1000.0,1000.0,1000.0,0.6779,-1.0,0.7983,-2.0,,
46,SWIFTJ0714.3+4541,108.5627,45.6853,5.91,Mrk376,,9.54,6.84,12.54,0.0,2.14,1.77,2.59,1.19,0.0560,43.87,1,4.0,Sy1.2,07105+4547,4,0.3481,0.5726,0.87,1.322,1,3,3,1,0,,0,8,8,0,0,53,82,52,F,A,A,F,,0,0,0,0,0,0,3,2,0,0,1,1,0,0,5,17,2,1,4.0,1000.0,1000.0,1000.0,1000.0,0.6079,-1.0,0.6582,11.31,0.6581,-2.0
47,SWIFTJ0742.5+4948,115.6264,49.8066,31.28,Mrk79,,50.28,47.35,53.32,0.0,2.06,1.98,2.14,2.23,0.0222,43.76,1,4.0,Sy1.5,07388+4955,3,0.2693,0.776,1.504,2.189,3,3,3,3,0,,20,8,8,7,40,105,132,58,D,A,A,A,13.0,0,0,0,0,1,1,0,0,0,0,0,0,0,0,4,15,8,4,3.0,1164.0,1000.0,1000.0,1000.0,0.347,21.54,0.516,11.31,0.6871,10.63
48,SWIFTJ0744.0+2914,116.0275,29.2616,11.62,UGC03995A,,23.43,20.0,27.01,0.0,1.83,1.64,2.02,2.92,0.0159,43.14,1,5.0,Sy2,07410+2922,3,0.2609,0.2975,0.6654,2.041,1,2,3,3,0,,0,20,8,8,0,35,51,65,J,E,B,B,,0,0,0,0,0,0,1,0,0,0,0,0,0,0,3,19,5,1,3.0,1000.0,1285.0,1000.0,1000.0,0.877,-1.0,0.4471,21.54,0.326,11.31
49,SWIFTJ0747.6-7326,116.949,-73.4344,8.2,2MASXJ07473839-7325533,,13.4,10.84,16.18,0.0,1.97,1.71,2.24,1.89,0.0367,43.63,1,5.0,Sy2,07484-7318,2,0.25,0.1698,0.6183,3.559,1,2,3,2,0,,0,12,9,16,0,36,65,63,,F,C,D,,0,0,2,1,0,0,7,8,0,0,0,0,8,9,6,30,0,0,3.0,1000.0,1353.0,1054.0,1000.0,1.4723,-1.0,0.2746,15.0,0.1737,18.36
50,SWIFTJ0759.8-3844,119.9268,-38.7389,31.84,2MASSJ07594181-3843560,,49.75,46.84,52.74,0.0,2.02,1.94,2.11,1.82,0.0400,44.28,1,4.0,Sy1.2,07579-3835,3,0.25,0.2407,0.4,2.149,1,3,1,1,0,,0,10,0,0,0,37,0,0,I,B,,,,0,0,0,0,0,1,0,0,0,0,0,0,0,8,6,46,0,0,4.0,1000.0,1114.0,1000.0,1000.0,1.0386,-1.0,0.6018,-2.0,,
51,SWIFTJ0801.9-4946,120.4839,-49.7845,14.2,ESO209-G012,,23.47,20.71,26.35,0.0,2.01,1.85,2.18,1.97,0.0405,43.97,1,4.0,Sy1.5,08005-4938,3,0.1981,0.4441,0.9771,10.36,2,3,3,1,0,,11,12,13,0,32,66,58,36,G,A,B,B,37.0,0,0,0,1,0,0,1,0,0,0,0,0,8,9,4,44,1,3,4.0,1346.0,1202.0,1050.0,1000.0,0.4461,16.28,0.4545,17.69,0.0943,-2.0
52,SWIFTJ0804.2+0507,121.0354,5.105,33.25,Mrk1210,,61.58,58.18,65.04,0.0,1.95,1.88,2.03,5.95,0.0135,43.41,1,5.0,Sy1.9,08014+0515,3,0.5549,2.089,1.843,1.506,3,3,3,3,0,,7,8,9,9,34,196,186,59,B,A,A,B,14.0,0,0,0,0,0,0,0,0,0,0,0,0,0,0,3,16,5,1,3.0,1000.0,1000.0,1000.0,1000.0,0.2656,10.63,1.1335,12.04,1.2238,12.73
53,SWIFTJ0823.4-0457,125.7564,-4.9371,22.22,Fairall272,,43.2,39.5,47.0,0.0,1.72,1.6,1.83,0.46,0.0218,43.68,1,5.0,Sy2,08205-0446,3,0.25,0.25,0.835,2.394,1,1,3,2,0,,0,0,11,10,0,0,89,52,,C,B,B,,0,0,0,1,0,0,0,1,0,0,0,0,0,1,4,14,2,1,3.0,1000.0,1000.0,1000.0,1000.0,,,0.2994,-1.0,0.3488,14.87
54,SWIFTJ0838.4-3557,129.6142,-35.9909,18.5,Fairall1146,,27.67,24.86,30.62,0.0,2.17,2.02,2.32,1.08,0.0316,43.82,1,4.0,Sy1.5,08365-3549,3,0.25,0.597,1.087,1.55,1,3,3,1,0,,0,10,9,0,47,87,88,0,C,A,B,,,0,0,0,0,0,0,0,0,0,0,0,0,0,3,6,34,0,0,3.0,1000.0,1000.0,1000.0,1000.0,0.4188,-1.0,0.5492,13.45,0.7013,-2.0
55,SWIFTJ0845.0-3531,131.3465,-35.4903,8.3,1RXSJ084521.7-353048,,13.88,10.83,17.22,0.0,1.94,1.63,2.28,0.2,0.1370,44.85,1,4.0,Sy1,08433-3517,3,1.789,0.8077,0.4,9.427,3,3,1,1,0,,6,8,0,0,232,140,36,0,A,A,G,,52.0,0,0,1,1,0,1,1,3,0,0,0,0,8,9,4,34,0,0,3.0,1000.0,1000.0,1000.0,1000.0,2.2149,10.0,2.0192,-2.0,,
56,SWIFTJ0917.2-6221,139.0317,-62.3215,21.01,IRAS09149-6206,,27.76,25.46,30.17,0.0,2.43,2.3,2.57,1.45,0.0573,44.35,1,4.0,Sy1,09149-6206,3,0.4755,1.189,2.457,1.764,3,3,3,3,0,,6,7,8,9,60,212,223,48,B,A,A,C,15.0,0,0,0,0,1,0,0,0,0,0,0,0,0,9,6,29,0,0,4.0,1046.0,1000.0,1000.0,1076.0,0.3999,9.22,0.4839,10.63,1.3929,12.04
57,SWIFTJ0918.5+1618,139.6089,16.3033,20.83,Mrk704,,34.24,31.3,37.33,0.0,2.06,1.94,2.19,1.27,0.0292,43.84,1,4.0,Sy1.2,09156+1631,3,0.3724,0.5925,0.48,1.0,2,3,1,1,0,,24,11,0,0,60,55,72,0,D,C,E,,0.0,0,0,0,0,0,0,0,0,0,0,0,0,0,0,4,22,4,1,3.0,1176.0,1000.0,1000.0,1000.0,0.6285,26.4,1.2344,-2.0,,
58,SWIFTJ0920.8-0805,140.2043,-8.0656,22.89,MCG-01-24-012,,38.78,35.77,41.89,0.0,2.2,2.09,2.32,1.64,0.0196,43.54,1,5.0,Sy2,09182-0750,3,0.25,0.477,0.6212,1.11,1,2,2,3,0,,0,28,12,11,0,38,77,66,F,C,D,B,,0,0,0,0,0,0,0,0,0,0,0,0,0,1,4,14,2,1,3.0,1000.0,1000.0,1000.0,1101.0,0.5241,-1.0,0.7679,30.46,0.5596,16.28
59,SWIFTJ0925.2-8423,141.5271,-84.3615,7.15,2MASXJ09261742-8421330,,8.94,6.57,11.67,0.0,2.39,1.95,2.93,0.72,0.0632,43.95,1,5.0,Sy1.9,09305-8408,6,0.25,0.3552,0.4825,2.14,1,3,3,2,0,,0,6,6,17,99,57,48,57,J,B,C,E,,0,0,0,2,0,3,4,5,0,1,1,1,8,8,5,18,0,0,5.0,1000.0,1000.0,1040.0,1000.0,0.7038,-1.0,0.7362,8.49,0.2255,18.03
60,SWIFTJ0945.6-1420,146.4288,-14.3217,28.45,NGC2992,,55.09,51.63,58.63,0.0,1.92,1.83,2.0,1.06,0.0077,42.87,1,5.0,Sy1.9,09432-1405,3,0.5942,1.365,6.872,14.44,3,3,2,3,0,,13,9,13,22,55,129,660,353,C,A,A,A,4.0,0,8,0,1,0,2,1,1,0,1,0,0,0,0,2,16,5,4,3.0,1000.0,1000.0,1000.0,1000.0,0.4353,15.81,0.1986,15.81,0.4759,25.55
61,SWIFTJ0959.7-3112,149.9377,-31.2068,11.25,2MASXJ09594263-3112581,,17.63,14.78,20.71,0.0,2.33,2.08,2.6,0.35,0.0370,43.76,1,4.0,Sy1,09574-3058,2,0.301,0.2785,0.3191,1.033,1,3,2,1,0,,0,13,15,0,0,39,33,0,D,E,G,,,0,0,0,0,0,1,0,0,0,0,0,0,0,0,4,50,0,0,2.0,1000.0,1000.0,1215.0,1000.0,1.0808,-1.0,0.8728,19.85,0.3089,-2.0
62,SWIFTJ1001.7+5543,150.4734,55.6825,23.61,NGC3079,,37.74,35.01,40.51,0.0,1.71,1.62,1.8,8.69,0.0037,42.07,1,5.0,Sy2,09585+5555,3,1.242,2.032,42.86,88.95,3,3,3,3,0,,7,7,11,9,162,277,3042,3598,B,B,A,A,30.0,0,0,0,0,3,3,1,0,1,1,0,0,0,0,1,11,6,4,3.0,1000.0,1000.0,1000.0,1000.0,0.6112,9.9,0.0474,13.04,0.4818,14.21
63,SWIFTJ1010.1-5747,152.7478,-57.8147,19.08,CD-573057,,23.54,21.57,25.6,0.0,2.95,2.79,3.13,1.54,,,1,12.0,Symbioticstar,10092-5733,4,1.523,3.861,81.73,336.6,3,1,1,1,0,,6,0,0,0,47,0,1450,0,A,,D,,,E,0,1,5,9,9,9,5,0,2,0,1,F,7,6,254,1,2,,,,,,0.3945,-2.0,,,,
64,SWIFTJ1023.5+1952,155.8719,19.8586,74.92,NGC3227,,112.84,110.02,115.7,0.0,2.0,1.97,2.04,8.16,0.0039,42.59,1,4.0,Sy1.5,10207+2007,3,0.6667,1.737,7.98,17.46,3,3,3,3,0,,7,8,10,12,87,180,814,706,B,A,A,A,17.0,0,8,0,0,1,2,0,0,0,1,0,0,0,0,1,19,7,1,3.0,1000.0,1000.0,1000.0,1000.0,0.3838,10.63,0.2177,12.81,0.457,15.62
65,SWIFTJ1031.7-3451,157.9564,-34.8586,48.95,NGC3281,,88.04,84.73,91.34,0.0,1.91,1.86,1.96,17.72,0.0107,43.36,1,5.0,Sy2,10295-3435,2,0.8772,2.557,6.761,7.679,3,3,3,3,0,,9,8,12,12,100,409,647,240,A,A,A,A,7.0,0,0,0,0,0,0,0,0,0,0,0,0,0,2,3,15,4,4,2.0,1000.0,1000.0,1000.0,1000.0,0.3431,12.04,0.3782,14.42,0.8805,16.97
66,SWIFTJ1038.8-4942,159.6813,-49.7454,13.98,2MASXJ10384520-4946531,,26.07,22.89,29.38,0.0,1.89,1.72,2.07,0.71,0.0600,44.36,1,4.0,Sy1.5,10366-4928,2,2.42,0.7155,0.4,6.179,3,3,1,1,0,,6,10,0,0,341,95,38,0,A,B,F,D,13.0,0,0,0,0,0,0,0,0,0,0,0,0,8,9,5,36,2,2,2.0,1000.0,1000.0,1000.0,1000.0,3.3823,11.66,1.7888,-2.0,,
67,SWIFTJ1046.8+2556,161.6763,25.9297,12.75,UGC05881,,19.82,16.94,22.87,0.0,1.81,1.61,2.02,0.68,0.0205,43.29,1,5.0,Sy2,10439+2611,3,0.25,0.297,1.761,2.453,1,1,3,3,0,,0,0,9,11,0,0,198,92,,K,A,C,,0,0,0,0,0,0,0,0,0,0,0,0,8,2,4,16,3,1,3.0,1000.0,1000.0,1000.0,1000.0,,,0.1687,-1.0,0.7179,14.21
68,SWIFTJ1048.4-2511,162.0966,-25.1543,13.47,NGC3393,,31.15,27.15,35.33,0.0,1.47,1.29,1.64,1.47,0.0125,43.05,1,5.0,Sy2,10459-2453,2,0.25,0.7111,2.376,3.935,1,3,3,3,0,,0,11,12,12,0,104,302,138,,B,A,A,,0,0,0,0,0,1,0,0,0,0,0,0,0,0,3,15,3,4,2.0,1000.0,1000.0,1000.0,1000.0,0.3516,-1.0,0.2993,16.28,0.6038,16.97
69,SWIFTJ1106.5+7234,166.6665,72.5713,72.02,NGC3516,,101.89,99.2,104.61,0.0,1.86,1.83,1.89,9.41,0.0088,43.26,1,4.0,Sy1.2,11033+7250,4,0.4533,0.9185,1.739,2.17,3,3,3,3,0,,8,7,7,6,49,167,177,66,B,A,A,A,19.0,0,0,0,0,0,0,0,0,0,0,0,0,0,2,4,12,6,4,4.0,1000.0,1000.0,1000.0,1000.0,0.4935,10.63,0.5282,9.9,0.8014,9.22
70,SWIFTJ1126.7+3514,171.697,35.2419,6.44,Mrk423,,9.83,7.13,12.83,0.0,1.69,1.3,2.11,1.19,0.0323,43.39,1,5.0,Sy2,11241+3531,4,0.2796,0.2524,1.37,2.3,1,1,3,3,0,,0,0,7,8,0,0,134,95,L,F,A,A,,0,0,0,0,0,0,0,0,0,0,0,0,0,0,3,13,5,1,4.0,1000.0,1000.0,1000.0,1000.0,,,0.1842,-1.0,0.5957,10.63
71,SWIFTJ1139.0-3743,174.7539,-37.7488,88.52,NGC3783,,167.13,163.8,170.48,0.0,1.98,1.96,2.01,12.69,0.0097,43.56,1,4.0,Sy1.2,11365-3727,2,0.7681,2.435,3.372,5.118,3,3,3,3,0,,8,7,11,11,99,332,389,193,B,A,A,A,0.0,0,0,0,0,1,0,0,0,0,0,0,0,0,9,3,19,4,4,2.0,1036.0,1000.0,1000.0,1000.0,0.3154,10.63,0.7221,13.04,0.6589,15.56
72,SWIFTJ1145.2+5905,176.4132,58.9717,11.13,MCG+10-17-061,,14.36,12.06,16.85,0.0,1.98,1.76,2.22,1.36,0.0099,42.51,1,5.0,Sy2,11428+5915,3,0.25,0.2563,1.411,1.996,1,3,3,3,0,,0,15,7,7,0,50,161,67,L,C,A,B,,1,0,0,0,0,0,1,0,0,0,0,0,0,1,4,10,5,1,3.0,1000.0,1175.0,1000.0,1002.0,0.9754,-1.0,0.1816,16.55,0.7069,9.9
73,SWIFTJ1152.6-0512,178.1565,-5.2118,11.49,MCG-01-30-041,,21.43,18.07,25.02,0.0,1.83,1.62,2.04,1.32,0.0188,43.25,1,4.0,Sy1.8,11500-0455,2,0.25,0.3062,1.382,2.176,1,1,3,3,0,,0,0,11,18,0,0,121,81,,,A,B,,0,0,0,0,0,0,0,0,0,0,0,0,0,1,3,20,1,1,2.0,1000.0,1000.0,1000.0,1000.0,,,0.2216,-1.0,0.6351,21.1
74,SWIFTJ1200.2-5350,180.6834,-53.8351,29.32,LEDA38038,,47.99,45.0,51.06,0.0,2.11,2.03,2.21,2.93,0.0280,43.95,1,5.0,Sy2,12002-5333,4,0.3092,0.9367,1.918,2.09,3,3,3,2,0,,9,7,7,15,44,137,144,40,B,A,A,B,0.0,0,0,0,0,0,0,0,0,0,0,0,0,8,2,5,29,0,0,4.0,1160.0,1000.0,1000.0,1000.0,0.3301,11.4,0.4884,9.9,0.9177,16.55
75,SWIFTJ1203.0+4433,180.785,44.5322,35.73,NGC4051,,43.15,41.03,45.31,0.0,2.23,2.15,2.3,5.03,0.0023,41.71,1,4.0,Sy1.5,12005+4448,3,0.7691,1.398,8.282,20.94,3,3,3,3,0,,8,9,10,13,73,180,721,898,B,A,B,A,7.0,0,8,0,0,2,2,2,0,1,1,1,0,0,0,2,10,7,4,2.0,1000.0,1000.0,1000.0,1000.0,0.5501,12.04,0.1688,13.45,0.3955,16.4
76,SWIFTJ1206.2+5243,181.609,52.7091,22.6,NGC4102,,32.74,30.16,35.4,0.0,1.7,1.59,1.8,1.38,0.0028,41.77,1,5.0,Sy2,12038+5259,3,1.45,6.834,47.37,68.5,3,3,3,3,0,,5,6,10,8,215,1014,4902,2746,A,A,A,A,0.0,0,0,1,0,0,0,0,0,0,0,0,0,0,0,1,10,5,1,3.0,1000.0,1000.0,1000.0,1000.0,0.2122,7.81,0.1443,11.66,0.6915,12.81
77,SWIFTJ1225.8+1240,186.4449,12.6705,143.41,NGC4388,,239.43,236.32,242.55,0.0,1.78,1.76,1.79,10.23,0.0084,43.59,1,5.0,Sy2,12232+1256,2,1.0,3.553,10.9,17.79,3,3,3,3,0,,8,7,11,14,140,376,958,907,A,A,A,A,18.0,0,0,0,0,1,0,0,0,0,0,0,0,0,0,2,17,5,1,2.0,1000.0,1000.0,1000.0,1000.0,0.2815,10.63,0.326,13.04,0.6127,17.8
78,SWIFTJ1202.5+3332,186.4484,33.5276,18.46,NGC4395,,28.15,25.61,30.77,0.0,1.93,1.81,2.06,2.67,0.0011,40.89,1,5.0,Sy2,12233+3348,2,0.25,0.25,2.087,5.918,1,1,3,3,0,,0,0,13,15,0,0,168,133,,,C,B,,0,0,0,1,0,0,2,3,0,0,1,1,0,2,2,10,9,4,2.0,1000.0,1000.0,1000.0,1000.0,,,0.1198,-1.0,0.3527,19.85
79,SWIFTJ1229.1+0202,187.2766,2.0474,203.42,3C273,,378.49,375.04,381.94,0.0,1.75,1.73,1.76,1.66,0.1583,46.43,1,7.0,BeamedAGN,12265+0219,2,0.5175,0.9282,2.218,2.911,3,3,3,3,0,,9,12,12,14,66,76,212,112,B,B,A,A,0.0,0,0,0,0,0,1,0,0,0,0,0,0,0,0,3,18,9,4,2.0,1045.0,1000.0,1000.0,1000.0,0.5575,15.0,0.4185,16.97,0.7619,18.44
80,SWIFTJ1235.6-3954,188.8993,-39.9108,99.44,NGC4507,,196.42,192.9,199.95,0.0,1.85,1.83,1.88,26.61,0.0118,43.8,1,5.0,Sy1.9,12329-3938,2,0.4593,1.407,4.583,5.601,3,3,3,3,0,,9,10,12,12,78,189,492,226,B,A,A,A,3.0,0,0,0,1,0,0,0,0,0,0,0,0,0,4,4,19,4,4,2.0,1000.0,1000.0,1000.0,1000.0,0.3264,13.45,0.307,15.62,0.8182,16.97
81,SWIFTJ1239.3-1611,189.7816,-16.1776,12.46,LEDA170194,,26.37,22.69,30.24,0.0,1.79,1.6,1.99,1.1,0.0367,43.93,1,5.0,Sy2,12365-1554,2,0.25,0.3742,0.4298,1.377,1,1,2,3,0,,0,0,11,9,0,39,43,60,,J,E,C,,0,0,0,0,0,0,0,0,0,0,0,0,0,2,4,20,0,0,2.0,1000.0,1000.0,1000.0,1000.0,,,0.8706,-1.0,0.3121,14.21
82,SWIFTJ1239.6-0519,189.9109,-5.3397,44.46,NGC4593,,84.35,80.88,87.89,0.0,1.83,1.77,1.89,3.29,0.0090,43.19,1,4.0,Sy1,12370-0504,2,0.3449,0.9205,2.809,5.998,2,3,3,3,0,,20,24,12,12,39,80,257,279,D,B,A,A,93.0,0,0,0,0,0,0,0,0,0,0,0,0,0,1,3,20,4,1,2.0,1072.0,1000.0,1000.0,1000.0,0.3747,31.24,0.3277,26.83,0.4683,16.97
83,SWIFTJ1253.5-4137,193.3296,-41.6441,5.0,ESO323-32,,11.12,7.49,15.13,0.0,1.61,1.13,2.11,0.54,0.0160,42.82,1,5.0,Sy2,12505-4121,3,0.25,0.2969,0.9844,1.728,1,3,3,3,0,,0,13,15,8,0,43,91,49,,A,B,B,,0,0,0,0,0,1,0,0,0,0,0,0,0,3,4,22,1,3,3.0,1000.0,1175.0,1000.0,1000.0,0.842,-1.0,0.3016,19.85,0.5697,17.0
84,SWIFTJ1305.4-4928,196.363,-49.4684,119.74,NGC4945,,278.08,274.3,281.86,0.0,1.49,1.48,1.51,129.73,0.0019,42.36,1,5.0,Sy2,13025-4911,3,3.627,14.24,388.1,685.6,3,3,3,3,0,,4,5,5,6,538,1884,30000,18716,B,A,A,A,10.0,0,6,2,2,3,5,5,3,1,1,1,1,0,8,1,30,8,4,0.0,,,,,0.2547,6.4,0.0367,7.07,0.5661,7.81
85,SWIFTJ1315.8+4420,198.8164,44.4012,13.99,UGC08327NED02,,16.63,14.65,18.74,0.0,2.35,2.17,2.54,2.71,0.0366,43.73,1,5.0,Sy2,13130+4440,2,0.25,0.373,1.681,1.97,1,3,2,3,0,,0,12,13,11,0,63,133,82,,B,A,A,,0,0,0,0,0,1,0,0,0,0,0,0,0,1,4,9,5,1,2.0,1000.0,1000.0,1000.0,1000.0,0.6702,-1.0,0.2219,17.69,0.8533,17.03
86,SWIFTJ1325.4-4301,201.3655,-43.0194,606.95,CenA,,1181.84,1178.24,1185.45,0.0,1.87,1.86,1.87,4.34,0.0018,42.94,1,7.0,BeamedAGN,13225-4245,3,11.14,14.99,171.5,337.6,3,3,3,3,2,80.0,4,8,9,8,1157,1976,17042,13127,B,A,A,A,71.0,0,F,2,0,3,3,3,0,1,1,1,0,0,0,2,25,8,4,0.0,,,,,0.7432,8.94,0.0874,12.04,0.508,12.04
87,SWIFTJ1333.5-3401,203.3732,-34.0181,13.27,ESO383-18,,21.52,18.77,24.44,0.0,2.51,2.3,2.74,1.01,0.0130,42.92,1,5.0,Sy2,13305-3345,3,0.25,0.3902,0.6549,1.0,1,3,3,1,0,,0,12,9,0,0,42,70,0,F,C,B,I,,0,0,1,0,0,1,2,1,0,0,1,0,0,1,3,17,1,3,3.0,1000.0,1144.0,1035.0,1000.0,0.6407,-1.0,0.5958,15.0,0.6549,-2.0
88,SWIFTJ1335.8-3416,203.9728,-34.2979,37.3,MCG-06-30-015,,62.84,59.88,65.83,0.0,2.38,2.31,2.46,5.28,0.0077,42.93,1,5.0,Sy1.9,13329-3402,3,0.4016,0.8051,1.122,1.0,3,3,3,1,0,,7,9,8,0,40,92,128,53,B,B,B,D,29.0,0,0,1,0,1,0,0,0,0,0,0,0,0,0,5,18,2,4,3.0,1051.0,1000.0,1000.0,1000.0,0.4988,11.4,0.7176,12.04,1.122,-2.0
89,SWIFTJ1341.2+3023,205.2991,30.3808,13.77,Mrk268,,19.23,16.85,21.72,0.0,2.09,1.92,2.27,2.35,0.0399,43.87,1,5.0,Sy1.9,13388+3037,2,0.25,0.2826,1.431,1.789,1,1,3,3,0,,0,0,10,10,0,56,143,77,,F,B,B,,0,0,1,0,0,1,0,0,0,0,0,0,0,0,3,9,3,1,2.0,1000.0,1000.0,1000.0,1000.0,,,0.1975,-1.0,0.7999,14.14
90,SWIFTJ1349.3-3018,207.3291,-30.3069,136.79,IC4329A,,273.85,270.4,277.3,0.0,2.01,1.99,2.03,43.93,0.0160,44.21,1,4.0,Sy1.5,13464-3003,3,1.05,2.25,2.041,1.619,3,3,3,3,0,,6,8,9,10,122,206,168,67,A,A,A,B,2.0,0,0,0,0,0,1,0,0,0,0,0,0,8,3,4,19,5,4,3.0,1000.0,1000.0,1000.0,1000.0,0.4667,10.0,1.1024,12.04,1.2607,13.45
91,SWIFTJ1352.8+6917,208.2403,69.3048,25.33,Mrk279,,35.33,32.87,37.84,0.0,1.97,1.88,2.07,3.09,0.0304,43.89,1,4.0,Sy1.5,13519+6933,3,0.2517,0.2583,1.082,2.282,1,3,3,3,0,,0,11,16,8,0,53,123,86,K,B,B,A,,1,0,1,0,1,4,1,0,0,1,0,0,0,0,3,9,15,4,3.0,1000.0,1185.0,1000.0,1000.0,0.9744,-1.0,0.2387,19.42,0.4741,17.89
92,SWIFTJ1355.9+1822,209.0119,18.3816,3.05,Mrk463,,5.77,3.17,8.63,0.0,1.77,1.24,2.46,1.67,0.0504,43.55,1,5.0,Sy1.9,13536+1836,2,0.5672,1.614,2.184,1.874,3,3,3,3,0,,26,8,9,7,73,246,271,53,B,A,A,B,14.0,1,0,0,0,0,0,0,0,0,0,0,0,0,1,4,12,5,1,2.0,1060.0,1000.0,1000.0,1000.0,0.3514,27.2,0.739,12.04,1.1654,11.4
93,SWIFTJ1412.9-6522,213.2908,-65.3394,166.64,CircinusGalaxy,,290.02,287.14,292.87,0.0,2.06,2.04,2.07,440.77,0.0014,42.11,1,5.0,Sy2,14092-6506,4,18.8,68.44,248.7,315.9,3,3,3,3,2,80.0,4,4,10,10,2103,7275,6362,627,A,A,A,A,0.0,0,8,0,0,0,0,1,0,0,0,0,0,0,5,2,140,3,4,0.0,,,,,0.2747,5.66,0.2752,10.77,0.7873,14.14
94,SWIFTJ1413.2-0312,213.3085,-3.2092,124.43,NGC5506,,233.7,230.49,236.92,0.0,2.11,2.09,2.13,64.33,0.0062,43.31,1,5.0,Sy1.9,14106-0258,2,1.297,3.642,8.814,9.716,3,3,3,3,0,,7,7,11,11,142,384,708,282,A,A,A,A,0.0,0,0,0,0,0,0,0,0,0,0,0,0,0,0,2,21,5,1,2.0,1000.0,1000.0,1000.0,1000.0,0.3561,9.9,0.4132,13.04,0.9072,15.56
95,SWIFTJ1417.9+2507,214.4885,25.133,64.73,NGC5548,,99.21,96.35,102.1,0.0,1.89,1.85,1.93,2.89,0.0172,43.83,1,4.0,Sy1.5,14156+2522,2,0.3562,0.76,1.043,1.731,2,3,3,3,0,,10,10,9,11,41,135,103,75,C,B,B,A,4.0,0,0,0,0,0,1,0,0,0,0,0,0,0,0,3,10,6,4,2.0,1060.0,1000.0,1000.0,1000.0,0.4687,14.14,0.7287,13.45,0.6025,14.21
96,SWIFTJ1419.0-2639,214.8441,-26.6375,17.85,ESO511-G030,,36.53,33.03,40.16,0.0,2.02,1.88,2.17,0.71,0.0224,43.63,1,4.0,Sy1,14165-2625,3,0.25,0.3288,0.4355,2.083,1,1,3,3,0,,0,0,12,12,0,31,44,77,J,H,D,A,,0,0,0,0,0,0,0,0,0,0,0,0,0,0,4,22,3,4,3.0,1000.0,1000.0,1045.0,1000.0,,,0.755,-1.0,0.2091,16.97
97,SWIFTJ1424.2+2435,216.1057,24.6094,9.99,NGC5610,,14.41,11.98,17.02,0.0,2.15,1.91,2.41,1.04,0.0169,42.98,1,5.0,Sy2,14221+2450,2,0.5601,0.7468,4.818,8.74,1,3,3,3,0,,0,11,12,13,0,112,498,213,J,A,A,A,,1,0,0,0,0,0,0,0,0,0,0,0,0,0,1,10,3,1,2.0,1000.0,1000.0,1000.0,1000.0,0.75,-1.0,0.155,16.28,0.5513,17.69
98,SWIFTJ1432.8-4412,218.1705,-44.1692,6.95,NGC5643,,14.74,11.34,18.42,0.0,1.77,1.43,2.12,0.87,0.0040,41.73,1,5.0,Sy2,14294-4357,3,0.8628,3.346,18.71,44.19,3,3,3,3,0,,11,6,10,12,87,381,1541,1004,B,A,B,A,19.0,0,8,0,0,3,2,2,0,1,0,1,0,0,3,3,29,3,4,3.0,1000.0,1000.0,1000.0,1000.0,0.2579,12.53,0.1788,11.66,0.4234,15.62
99,SWIFTJ1436.4+5846,219.0999,58.7885,19.81,Mrk817,,26.28,23.93,28.69,0.0,1.98,1.86,2.11,2.63,0.0314,43.79,1,4.0,Sy1.2,14349+5900,3,0.3604,1.219,2.244,2.282,3,3,3,3,0,,6,6,7,6,50,248,141,84,C,A,A,B,16.0,0,0,0,0,1,1,0,0,0,0,0,0,0,0,2,7,5,4,3.0,1091.0,1000.0,1000.0,1000.0,0.2957,8.49,0.5432,9.22,0.9833,9.22
100,SWIFTJ1454.9-5133,223.8276,-51.5626,12.56,WKK4438,,21.5,18.69,24.48,0.0,2.21,2.01,2.43,1.05,0.0160,43.11,1,4.0,Sy1.5,14517-5122,3,0.25,0.2931,0.7617,12.8,1,3,3,1,0,,0,20,10,0,0,38,59,39,,D,D,B,,0,0,0,0,0,0,0,0,0,0,0,0,8,9,4,63,0,0,3.0,1000.0,1074.0,1000.0,1000.0,0.853,-1.0,0.3848,22.36,0.0595,-2.0
101,SWIFTJ1512.0-2119,227.9885,-21.3154,13.52,2MASXJ15115979-2119015,,28.29,24.95,31.81,0.0,2.08,1.89,2.27,1.67,0.0446,44.13,1,4.0,Sy1.5,15091-2107,3,0.4148,0.637,1.614,1.748,1,3,3,3,0,,0,15,9,7,56,57,135,60,E,C,A,B,,1,0,0,0,0,0,1,0,0,0,0,0,0,2,5,32,1,1,3.0,1000.0,1110.0,1000.0,1000.0,0.6512,-1.0,0.3947,17.49,0.9233,11.4
102,SWIFTJ1513.8-8125,228.6314,-81.3943,17.92,2MASXJ15144217-8123377,,29.81,26.88,32.85,0.0,1.91,1.77,2.05,0.59,0.0684,44.54,1,4.0,Sy1.2,15064-8112,5,0.25,0.3103,0.7854,1.566,1,1,3,1,0,,0,0,6,0,0,75,46,0,,G,B,E,,0,0,0,0,0,0,0,0,0,0,0,0,0,8,5,26,0,0,5.0,1000.0,1000.0,1000.0,1000.0,,,0.3951,-1.0,0.5015,-2.0
103,SWIFTJ1515.0+4205,228.7808,42.0503,15.53,NGC5899,,21.8,19.31,24.41,0.0,2.01,1.85,2.17,1.8,0.0086,42.57,1,5.0,Sy2,15132+4214,3,0.25,0.3633,3.202,11.53,1,3,3,3,0,,0,11,8,9,0,59,331,426,D,D,A,A,,0,0,0,0,2,3,2,0,1,1,1,0,0,1,2,8,5,4,3.0,1000.0,1000.0,1000.0,1000.0,0.6881,-1.0,0.1135,13.6,0.2777,12.04
104,SWIFTJ1521.8+0334,230.4923,3.556,5.48,2MASSJ15213967+0337292,,10.44,7.29,14.03,0.0,2.04,1.58,2.55,0.83,0.1264,44.65,1,4.0,Sy1.2,15194+0344,3,0.2825,0.25,0.5142,1.0,1,1,3,1,0,,0,0,13,0,0,0,57,35,,,B,H,,0,0,0,0,0,0,0,0,0,0,0,0,0,0,4,15,0,0,3.0,1000.0,1000.0,1056.0,1000.0,,,0.4862,-1.0,0.5142,-2.0
105,SWIFTJ1533.2-0836,233.3316,-8.7143,13.27,MCG-01-40-001,,32.12,28.5,35.89,0.0,1.89,1.71,2.07,0.65,0.0227,43.59,1,5.0,Sy1.9,15306-0832,3,0.25,0.3741,1.972,3.61,1,2,3,3,0,,0,19,9,9,0,39,165,139,,E,A,A,,0,0,1,0,0,0,1,0,0,0,0,0,0,2,4,25,2,1,3.0,1000.0,1261.0,1000.0,1000.0,0.6683,-1.0,0.1897,21.02,0.5463,12.73
106,SWIFTJ1548.5-1344,237.1005,-13.7555,17.55,NGC5995,,39.82,36.55,43.15,0.0,2.12,1.99,2.26,2.76,0.0252,43.77,1,5.0,Sy1.9,15456-1336,3,0.4345,0.8857,3.881,6.995,3,3,3,3,0,,7,9,9,8,58,46,371,131,D,B,A,A,9.0,0,0,0,0,0,1,0,0,0,0,0,0,0,2,4,35,1,1,3.0,1000.0,1000.0,1000.0,1000.0,0.4906,11.4,0.2282,12.73,0.5548,12.04
107,SWIFTJ1559.6+2554,239.8744,25.921,41.02,TCrB,,58.23,55.88,60.63,0.0,2.51,2.45,2.58,9.64,,,1,12.0,Symbioticstar,15574+2603,3,0.6964,0.2339,0.4,1.0,3,2,1,1,0,,6,15,0,0,94,38,0,0,B,D,,,37.0,0,0,0,0,0,0,0,0,0,0,0,0,0,2,5,12,6,4,3.0,1000.0,1332.0,1000.0,1000.0,2.9773,16.16,0.5847,-2.0,,
108,SWIFTJ1614.0+6544,243.5154,65.7295,9.95,Mrk876,,12.52,10.13,15.12,0.0,2.16,1.88,2.48,1.17,0.1290,44.75,1,4.0,Sy1,16136+6550,2,0.25,0.25,0.6284,0.8086,1,1,3,2,0,,0,0,12,12,0,64,83,38,K,C,B,E,,0,0,0,0,0,0,2,0,0,0,0,0,0,0,5,11,3,4,2.0,1000.0,1000.0,1000.0,1362.0,,,0.3978,-1.0,0.7771,16.97
109,SWIFTJ1635.0-5804,248.8046,-58.0877,12.86,ESO137-G034,,31.64,28.21,35.17,0.0,1.55,1.39,1.71,2.07,0.0090,42.77,1,5.0,Sy2,16309-5758,8,0.2896,0.7431,2.277,20.62,3,3,3,1,0,,7,5,5,0,37,93,97,38,C,A,A,D,38.0,0,0,0,0,0,3,0,0,0,1,0,0,8,9,5,65,1,3,8.0,1128.0,1000.0,1000.0,1000.0,0.3897,8.6,0.3264,7.07,0.1104,-2.0
110,SWIFTJ1643.1+3951,250.7613,39.7992,9.27,3C345,,19.76,16.26,23.47,0.0,1.39,1.11,1.66,0.5,0.5928,46.47,1,7.0,BeamedAGN,16413+3954A,3,0.3189,0.266,0.6047,0.8472,1,3,3,2,0,,0,19,9,13,0,55,69,39,K,C,B,E,,0,8,2,0,0,0,0,0,0,0,0,0,0,1,3,8,10,4,4.0,1000.0,1092.0,1115.0,1265.0,1.1989,-1.0,0.4399,21.02,0.7138,15.81
111,SWIFTJ1652.0-5915B,253.1852,-59.2295,17.08,NGC6221,,33.11,30.14,36.18,0.0,1.95,1.82,2.09,1.67,0.0050,42.28,1,5.0,Sy2,16484-5908,3,1.493,5.267,36.32,84.5,3,3,3,2,0,,6,6,13,15,162,659,1446,1164,C,A,A,A,16.0,0,8,0,0,3,3,2,0,1,1,1,0,8,3,3,39,4,4,3.0,1000.0,1000.0,1000.0,1000.0,0.2835,8.49,0.145,14.32,0.4298,19.85
112,SWIFTJ1652.3+5554,253.0605,55.9069,9.72,UGC10593,,14.61,12.08,17.34,0.0,2.06,1.81,2.33,0.59,0.0291,43.47,1,5.0,Sy2,16513+5559,3,0.25,0.25,0.4843,0.9127,1,1,3,2,0,,0,0,9,12,0,0,43,34,,,D,B,,0,0,0,0,0,0,2,0,0,0,1,0,0,1,3,9,3,1,4.0,1000.0,1000.0,1032.0,1408.0,,,0.5162,-1.0,0.5306,15.0
113,SWIFTJ1652.9+0223,253.2591,2.3972,32.2,NGC6240,,71.89,68.5,75.33,0.0,1.82,1.75,1.89,4.19,0.0245,44.01,1,5.0,Sy1.9,16504+0228,4,0.5705,3.505,23.47,26.55,3,3,3,3,0,,5,5,8,10,78,420,2278,887,B,A,A,A,16.0,0,0,0,0,0,0,0,0,0,0,0,0,0,0,1,20,5,1,4.0,1000.0,1000.0,1000.0,1000.0,0.1628,7.07,0.1493,9.43,0.884,12.81
114,SWIFTJ1717.1-6249,259.2522,-62.8238,58.77,NGC6300,,102.66,99.75,105.57,0.0,2.01,1.97,2.05,16.34,0.0037,42.5,1,5.0,Sy2,17123-6245,3,0.7389,2.152,14.05,40.25,3,3,3,3,0,,8,7,9,12,89,259,1177,761,D,A,A,A,15.0,0,4,0,0,3,3,2,0,1,1,1,0,0,2,2,24,4,4,3.0,1000.0,1000.0,1000.0,1000.0,0.3434,10.63,0.1532,11.4,0.3491,15.0
115,SWIFTJ1741.9-1211,265.472,-12.1852,17.86,2E1739.1-1210,,38.93,35.85,42.09,0.0,1.94,1.82,2.07,1.39,0.0370,44.1,1,4.0,Sy1,17391-1210,2,0.3612,0.3488,0.5288,3.34,1,1,3,1,0,,0,0,11,0,0,40,43,0,,E,B,,,0,0,0,0,0,0,0,0,0,0,0,0,0,3,5,64,0,0,3.0,1000.0,1000.0,1101.0,1000.0,,,0.6596,-1.0,0.1583,-2.0
116,SWIFTJ1822.0+6421,275.4593,64.3267,16.36,H1821+643,,20.4,18.2,22.71,0.0,2.48,2.31,2.67,1.08,0.2970,45.77,1,4.0,Sy1.2,18216+6418,5,0.1892,0.3952,1.128,2.159,2,3,3,3,0,,9,15,10,12,38,54,114,69,C,B,E,B,4.0,0,0,0,1,0,6,5,0,0,1,1,0,0,2,4,11,3,4,5.0,1356.0,1106.0,1112.0,1092.0,0.4787,17.49,0.3504,18.03,0.5225,15.62
117,SWIFTJ1824.3-5624,276.0732,-56.3779,19.44,IC4709,,36.64,33.6,39.73,0.0,1.92,1.8,2.05,2.3,0.0169,43.38,1,5.0,Sy2,18200-5623,3,0.2698,0.257,0.7014,1.216,1,2,3,1,0,,0,15,10,0,0,52,72,35,,D,B,G,,0,0,0,0,0,0,0,0,0,0,0,0,0,0,4,22,1,3,3.0,1000.0,1332.0,1000.0,1000.0,1.0498,-1.0,0.3664,18.03,0.5768,-2.0
118,SWIFTJ1838.4-6524,279.5936,-65.4323,64.6,ESO103-035,,108.28,105.55,111.06,0.0,2.18,2.14,2.22,23.51,0.0133,43.65,1,5.0,Sy1.9,18333-6528,3,0.5768,2.357,2.267,1.236,3,3,3,2,0,,9,6,9,11,58,384,230,59,A,A,A,B,7.0,1,0,0,0,0,0,1,0,0,0,0,0,0,0,4,17,3,4,3.0,1000.0,1000.0,1000.0,1233.0,0.2447,10.82,1.0397,10.82,1.8341,14.21
119,SWIFTJ1842.0+7945,280.545,79.7739,66.44,3C390.3,,101.38,98.72,104.08,0.0,1.96,1.92,2.0,1.79,0.0561,44.89,1,4.0,Sy1.5,18456+7943,3,0.25,0.2916,0.4,1.0,1,3,1,1,0,,0,15,0,0,0,45,0,0,J,E,L,,,1,0,0,0,0,1,0,0,0,0,0,0,0,0,5,12,13,4,4.0,1000.0,1000.0,1000.0,1000.0,0.8573,-1.0,0.729,-2.0,,
120,SWIFTJ1844.5-6221,281.1998,-62.3789,23.77,Fairall51,,39.03,36.27,41.85,0.0,2.18,2.08,2.29,4.93,0.0142,43.26,1,4.0,Sy1.5,18401-6225,3,0.3813,0.8613,1.997,2.623,3,3,3,3,0,,8,28,8,20,48,125,164,43,C,A,A,B,0.0,0,0,1,1,1,0,1,0,0,0,0,0,0,1,4,19,2,4,3.0,1104.0,1000.0,1000.0,1000.0,0.4427,29.12,0.4313,29.12,0.7613,21.54
121,SWIFTJ1924.5+5014,291.1527,50.2353,16.05,CHCyg,,17.11,15.66,18.61,0.0,3.63,3.41,3.88,4.47,,,1,12.0,Symbioticstar,19232+5008,5,565.0,191.0,18.16,4.27,3,3,3,3,4,26.0,3,3,7,6,30000,25479,1877,155,A,A,A,A,15.0,0,7,1,0,2,0,0,0,0,0,0,0,0,7,4,15,5,4,5.0,1000.0,1000.0,1000.0,1000.0,2.9581,4.24,10.5176,7.62,4.2529,9.22
122,SWIFTJ1933.9+3258,293.4654,32.9043,14.29,2MASSJ19334715+3254259,,22.89,20.03,25.88,0.0,2.09,1.91,2.28,1.19,0.0578,44.27,1,4.0,Sy1.2,19318+3247,3,0.25,0.3818,0.3594,12.45,1,3,2,1,0,,0,11,11,0,0,45,44,0,,C,D,,,0,0,0,0,0,1,0,0,0,0,0,0,8,6,4,41,0,0,3.0,1000.0,1000.0,1335.0,1000.0,0.6548,-1.0,1.0623,15.56,0.0289,-2.0
123,SWIFTJ1937.5-0613,294.381,-6.2289,16.01,2MASXJ19373299-0613046,,25.31,22.64,28.11,0.0,2.55,2.37,2.74,0.47,0.0103,42.79,1,4.0,Sy1.5,19348-0619,3,0.474,1.111,2.975,5.054,3,3,3,3,0,,6,8,9,8,56,118,223,108,B,A,A,A,8.0,0,0,0,0,0,0,0,0,0,0,0,0,0,0,5,34,0,0,3.0,1000.0,1000.0,1000.0,1000.0,0.4266,10.0,0.3734,12.04,0.5886,12.04
124,SWIFTJ1940.4-3015,295.0518,-30.2568,12.2,IGRJ19405-3016,,24.6,21.28,28.08,0.0,1.85,1.66,2.06,1.19,0.0520,44.21,1,4.0,Sy1.2,19370-3022,2,0.2552,0.3872,0.791,1.885,1,1,3,1,0,,0,0,11,0,0,0,67,50,,J,B,G,,0,0,0,0,0,0,0,0,0,0,0,0,0,0,5,29,0,0,2.0,1000.0,1000.0,1000.0,1000.0,,,0.4895,-1.0,0.4196,-2.0
125,SWIFTJ1942.6-1024,295.6663,-10.3216,39.05,NGC6814,,77.59,74.2,81.04,0.0,1.95,1.88,2.01,1.98,0.0052,42.68,1,4.0,Sy1.5,19399-1026,3,0.3336,0.5864,5.693,18.16,3,3,3,3,0,,10,9,9,10,44,49,518,278,B,B,B,A,0.0,0,8,0,1,3,2,0,0,1,1,0,0,0,4,2,31,3,1,3.0,1109.0,1000.0,1000.0,1000.0,0.5689,13.45,0.103,12.73,0.3135,13.45
126,SWIFTJ1959.4+4044,299.8787,40.7344,83.04,CygnusA,,146.26,143.16,149.39,0.0,1.95,1.92,1.98,6.22,0.0561,45.05,1,5.0,Sy2,19577+4035,3,0.25,1.062,2.329,8.278,1,3,3,1,0,,0,24,7,0,0,143,71,0,L,A,A,,,8,0,1,0,0,0,0,0,0,0,0,0,0,6,6,104,11,4,3.0,1000.0,1000.0,1000.0,1000.0,0.2354,-1.0,0.456,25.0,0.2813,-2.0
127,SWIFTJ2001.0-1811,300.2264,-18.1668,10.43,2MASXJ20005575-1810274,,21.76,18.37,25.4,0.0,1.86,1.64,2.09,3.02,0.0373,43.86,1,5.0,Sy1.9,19580-1818,3,0.3564,0.6903,0.9208,1.212,2,3,3,3,0,,17,9,9,13,59,52,90,43,C,B,B,B,0.0,0,0,0,0,0,1,0,0,0,0,0,0,0,1,5,30,0,0,3.0,1224.0,1000.0,1000.0,1050.0,0.5163,19.24,0.7497,12.73,0.7597,15.81
128,SWIFTJ2027.1-0220,306.735,-2.2762,9.13,IIZw083,,16.42,13.22,19.89,0.0,2.14,1.84,2.46,0.31,0.0291,43.52,1,5.0,Sy2,20243-0226,3,0.3747,0.9125,1.124,1.678,3,3,3,3,0,,8,9,9,10,42,124,118,49,D,B,A,B,4.0,0,0,0,1,0,0,0,0,0,0,0,0,0,1,5,20,1,1,3.0,1036.0,1000.0,1000.0,1000.0,0.4106,12.04,0.8118,12.73,0.6698,13.45
129,SWIFTJ2028.5+2543,307.1373,25.7327,35.48,MCG+04-48-002,,74.33,70.89,77.83,0.0,1.71,1.64,1.77,5.18,0.0139,43.52,1,5.0,Sy2,20264+2533,3,0.5802,1.059,11.16,17.64,3,3,3,3,0,,10,8,9,10,58,169,967,206,B,A,A,A,3.0,0,4,0,0,0,0,0,0,0,0,0,0,0,5,4,41,4,1,3.0,1000.0,1000.0,1000.0,1000.0,0.5479,12.81,0.0949,12.04,0.6327,13.45
130,SWIFTJ2035.6-5013,308.9459,-50.2093,6.02,ESO234-G050,,12.44,9.2,15.96,0.0,1.82,1.47,2.21,1.18,0.0088,42.34,1,5.0,Sy2,20322-5022,3,0.25,0.2643,0.6806,0.9968,1,3,3,2,0,,0,20,17,12,0,36,64,37,,C,B,C,,0,0,0,0,0,0,1,0,0,0,0,0,0,0,4,14,1,3,3.0,1000.0,1138.0,1045.0,1226.0,0.9459,-1.0,0.3883,26.25,0.6828,20.81
131,SWIFTJ2044.2-1045,311.0457,-10.7341,54.03,Mrk509,,102.15,98.7,105.64,0.0,2.08,2.04,2.13,3.05,0.0344,44.46,1,4.0,Sy1.2,20414-1054,3,0.3418,0.744,1.425,1.427,3,3,3,3,0,,9,8,8,14,34,76,125,57,C,A,A,C,17.0,0,0,0,0,0,1,0,0,0,0,0,0,0,2,4,21,2,1,3.0,1031.0,1000.0,1000.0,1000.0,0.4594,12.04,0.5221,11.31,0.9986,16.12
132,SWIFTJ2052.0-5704,313.0023,-57.0693,38.3,IC5063,,71.59,68.25,74.99,0.0,1.87,1.81,1.94,0.81,0.0114,43.33,1,5.0,Sy2,20481-5715,3,1.159,3.838,5.976,4.433,3,3,3,3,0,,7,7,12,9,138,477,531,150,A,A,A,A,12.0,0,0,0,0,0,0,0,0,0,0,0,0,0,2,4,16,6,4,3.0,1000.0,1000.0,1000.0,1000.0,0.302,9.9,0.6422,13.89,1.3481,15.0
133,SWIFTJ2127.4+5654,321.9354,56.9475,31.43,SWIFTJ212745.6+565636,,41.94,39.7,44.22,0.0,2.5,2.42,2.59,5.24,0.0147,43.32,1,4.0,Sy1,21262+5643,3,0.2768,0.4626,2.021,49.01,1,3,1,1,0,,0,10,0,0,33,71,0,0,F,B,E,,,0,0,1,2,0,1,0,0,0,0,0,0,C,2,5,134,0,0,3.0,1000.0,1000.0,1000.0,1000.0,0.5984,-1.0,0.2289,-2.0,,
134,SWIFTJ2200.9+1032,330.1703,10.5485,19.49,Mrk520,,32.53,29.35,35.84,0.0,2.11,1.97,2.26,0.45,0.0266,43.73,1,5.0,Sy2,21582+1018,2,0.3087,0.5797,4.308,7.123,1,3,3,3,0,,0,14,11,10,0,88,379,288,G,A,A,A,,0,0,0,0,0,0,0,0,0,0,0,0,0,0,2,14,5,1,2.0,1000.0,1000.0,1000.0,1000.0,0.5325,-1.0,0.1346,17.8,0.6048,14.87
135,SWIFTJ2201.9-3152,330.5041,-31.8696,87.56,NGC7172,,173.4,169.72,177.1,0.0,1.87,1.84,1.9,11.2,0.0087,43.48,1,5.0,Sy2,21591-3206,3,0.457,0.7768,5.958,12.85,3,3,3,3,0,,8,9,12,10,45,67,413,458,B,A,A,A,31.0,0,0,0,0,0,1,0,0,0,0,0,0,0,0,2,17,5,4,3.0,1000.0,1000.0,1000.0,1000.0,0.5883,12.04,0.1304,15.0,0.4637,15.62
136,SWIFTJ2209.4-4711,332.3297,-47.1717,21.5,NGC7213,,37.45,34.13,40.89,0.0,1.89,1.77,2.02,0.74,0.0058,42.46,1,7.0,BeamedAGN,22061-4724,3,0.6338,0.7428,2.564,8.626,3,3,3,3,0,,13,9,10,11,81,108,253,278,B,A,A,A,2.0,0,0,0,0,1,2,0,0,0,1,0,0,0,0,1,13,4,4,3.0,1000.0,1000.0,1000.0,1000.0,0.8533,15.81,0.2897,13.45,0.2972,14.87
137,SWIFTJ2235.9-2602,338.949,-26.049,31.57,NGC7314,,55.2,51.9,58.58,0.0,2.04,1.96,2.12,2.95,0.0048,42.46,1,5.0,Sy1.9,22330-2618,2,0.2713,0.6524,3.386,14.89,1,3,3,3,0,,0,17,11,12,40,51,294,355,G,D,D,A,,0,0,0,0,1,2,2,0,0,1,1,0,0,0,1,13,6,4,2.0,1000.0,1000.0,1000.0,1000.0,0.4158,-1.0,0.1927,20.25,0.2274,16.28
138,SWIFTJ2240.2+0801,340.0581,8.0597,8.58,MCG+01-57-016,,16.48,13.27,19.96,0.0,2.03,1.75,2.33,0.55,0.0250,43.38,1,4.0,Sy1.5,22377+0747,2,0.4069,0.4138,0.8576,1.428,1,2,3,3,0,,0,12,9,8,0,50,74,43,C,D,B,B,,0,0,0,0,0,0,0,0,0,0,0,0,0,4,4,18,3,1,2.0,1000.0,1000.0,1000.0,1000.0,0.9833,-1.0,0.4825,15.0,0.6006,12.04
139,SWIFTJ2254.2+1147A,343.5866,11.7785,9.1,UGC12243,,15.66,12.51,19.1,0.0,2.06,1.76,2.38,0.88,0.0283,43.47,1,4.0,Sy1,22518+1130,2,0.2601,0.25,0.6383,1.668,1,1,2,3,0,,0,0,11,11,0,0,72,52,,E,B,B,,0,0,0,0,0,0,0,2,0,0,0,1,0,2,6,19,3,1,2.0,1000.0,1000.0,1000.0,1000.0,,,0.3917,-1.0,0.3827,15.56
140,SWIFTJ2303.3+0852,345.8181,8.8661,38.49,NGC7469,,69.49,66.34,72.69,0.0,2.09,2.02,2.15,7.61,0.0163,43.63,1,4.0,Sy1.5,23007+0836,2,1.297,5.479,26.95,35.22,3,3,3,3,0,,8,8,15,16,156,784,2674,888,A,A,A,A,28.0,0,0,0,0,1,0,0,0,0,0,0,0,0,5,1,16,10,4,2.0,1000.0,1000.0,1000.0,1000.0,0.2367,11.31,0.2033,17.0,0.7652,21.93
141,SWIFTJ2318.4-4223,349.5977,-42.3684,49.49,NGC7582,,85.22,82.09,88.37,0.0,1.89,1.84,1.94,7.4,0.0052,42.72,1,5.0,Sy2,23156-4238,2,1.35,6.329,48.01,72.76,3,3,3,3,0,,8,8,15,12,183,941,4913,3240,A,A,A,A,0.0,0,4,0,0,1,0,3,0,0,0,0,0,0,0,2,9,4,4,2.0,1000.0,1000.0,1000.0,1000.0,0.2133,11.31,0.1318,17.0,0.6598,19.21
142,SWIFTJ2318.9+0013,349.7292,0.2448,28.43,NGC7603,,51.5,48.17,54.91,0.0,1.97,1.88,2.06,4.12,0.0295,44.02,1,4.0,Sy1,23163-0001,2,0.3619,0.4746,0.831,2.117,1,1,3,3,0,,0,0,11,10,0,0,86,72,H,L,B,B,,0,0,0,0,0,0,0,0,0,0,0,0,0,0,3,18,7,1,2.0,1000.0,1000.0,1000.0,1000.0,,,0.5711,-1.0,0.3925,14.87
143,SWIFTJ2341.8+3033,355.4655,30.5858,11.66,UGC12741,,22.12,19.12,25.26,0.0,1.82,1.63,2.0,1.49,0.0174,43.19,1,5.0,Sy2,23394+3018,2,0.7456,0.25,0.4307,1.083,1,1,3,1,0,,0,0,9,0,0,0,55,0,,,C,,,0,0,0,0,0,0,0,0,0,0,0,0,0,5,8,18,3,1,2.0,1000.0,1000.0,1000.0,1000.0,,,0.5805,-1.0,0.3977,-2.0
144,SWIFTJ0856.1+0052,133.9444,0.8053,6.29,CGCG005-032,,10.14,7.07,13.69,0.0,2.05,1.6,2.57,1.05,0.0418,43.63,1,5.0,Sy1.9,08532+0059,3,0.25,0.2728,0.698,1.946,1,1,3,3,0,,0,0,9,8,0,0,63,86,,F,B,B,,0,0,1,0,0,0,1,0,0,0,0,0,0,0,5,17,1,1,3.0,1000.0,1000.0,1000.0,1000.0,,,0.3908,-1.0,0.3587,12.04
145,SWIFTJ1024.7-2355,156.1386,-23.5599,5.48,ESO500-34,,10.95,7.32,15.02,0.0,1.69,1.21,2.22,0.47,0.0122,42.57,1,5.0,Sy2,10221-2317,2,0.3062,1.176,10.96,15.83,2,3,3,3,0,,35,10,10,12,38,149,1097,753,D,A,A,A,4.0,0,0,0,0,0,0,0,0,0,0,0,0,0,0,3,14,2,4,2.0,1210.0,1000.0,1000.0,1000.0,0.2604,36.4,0.1073,14.14,0.6924,15.62
146,SWIFTJ1304.5-5651,196.1182,-56.5103,7.26,IGRJ13045-5630,,12.09,9.2,15.29,0.0,2.15,1.79,2.56,0.5,,,1,7.0,BeamedAGN,13015-5614,3,0.25,0.4304,1.007,10.97,1,3,3,1,0,,0,9,8,0,36,61,88,41,H,C,A,F,,0,0,0,0,0,0,2,1,0,0,1,0,8,1,5,57,0,0,3.0,1000.0,1000.0,1000.0,1000.0,0.5809,-1.0,0.4274,12.04,0.0918,-2.0
147,SWIFTJ1329.9+4719,202.4801,47.1865,6.47,NGC5194,,11.61,8.51,14.96,0.0,1.31,0.9,1.72,1.45,0.0015,40.77,1,5.0,Sy2,13277+4727,2,1.364,2.377,32.0,122.9,3,3,3,3,0,,8,9,14,10,205,263,2438,3942,B,E,B,C,2.0,0,4,1,3,2,2,2,3,1,1,1,1,0,0,1,9,13,4,2.0,1000.0,1000.0,1000.0,1000.0,0.5738,12.04,0.0743,16.64,0.2604,17.2
148,SWIFTJ1649.3-1739,252.3317,-17.6516,5.57,ESO586-G004,,11.88,9.35,14.57,0.0,2.47,2.08,2.93,0.98,0.0229,43.16,1,6.0,OtherAGN,16464-1733,4,0.2868,0.4149,0.915,18.77,1,1,3,1,0,,0,0,9,0,0,0,51,0,,D,B,E,,0,0,1,2,0,0,6,0,0,0,1,0,8,9,5,76,1,3,7.0,1000.0,1000.0,1025.0,1000.0,,,0.4534,-1.0,0.0487,-2.0
149,SWIFTJ1813.0-1654,273.3575,-16.5817,4.85,SSTSL2J181328.05-163548.6,,16.9,13.88,20.07,0.0,2.03,1.72,2.36,1.48,,,1,6.0,OtherAGN,18104-1635,3,1.364,1.0,24.3,384.9,3,3,1,1,0,,9,17,0,0,44,36,0,0,B,B,,,17.0,0,0,0,3,0,1,1,0,0,0,1,0,F,8,6,254,0,0,0.0,,,,,1.364,19.24,0.0412,-2.0,,
150,SWIFTJ2214.7-3848,333.6847,-38.8176,6.79,ESO344-G016,,12.15,8.97,15.76,0.0,1.89,1.53,2.28,0.9,0.0397,43.66,1,4.0,Sy1.5,22117-3903,2,0.3982,0.4531,0.7654,1.083,1,3,3,1,0,,0,31,18,0,0,45,65,47,H,C,A,G,,0,0,0,0,0,1,1,0,0,0,0,0,0,1,3,13,1,3,2.0,1000.0,1000.0,1000.0,1000.0,0.8788,-1.0,0.592,35.85,0.7067,-2.0
151,SWIFTJ2155.5+7018,328.87,70.2958,4.85,2MASXJ21553221+7018448,,5.87,3.88,8.25,0.0,2.49,1.94,3.19,0.45,0.0536,43.94,0,6.0,OtherAGN,21545+7004,3,0.6581,0.25,0.5071,3.41,1,1,3,1,0,,0,0,9,0,0,40,52,48,,F,C,E,,1,4,2,0,0,0,1,0,0,0,0,0,0,9,6,42,0,0,3.0,1000.0,1000.0,1097.0,1000.0,,,0.493,-1.0,0.1487,-2.0
152,SWIFTJ0809.0-1028,122.2378,-10.4595,4.32,3C195,,8.69,5.7,12.14,0.0,1.9,1.44,2.41,1.91,0.1100,43.94,3,5.0,Sy2,08065-1018,3,0.25,0.3478,0.5941,1.006,1,3,3,1,0,,0,11,7,0,0,32,75,35,,D,C,G,,0,0,0,1,0,0,2,0,0,0,1,0,0,0,4,15,5,4,3.0,1000.0,1000.0,1000.0,1000.0,0.7188,-1.0,0.5854,13.04,0.5906,-2.0
153,SWIFTJ0003.2+2158,0.7933,21.966,5.38,Mrk334,,9.55,6.41,13.12,0.0,1.87,1.4,2.42,1.33,,43.94,4,4.0,Sy1,00005+2140,2,0.25,1.054,4.255,4.513,1,3,3,3,0,,0,11,12,12,0,128,456,168,H,A,A,A,,0,0,0,0,0,0,0,0,0,0,0,0,0,0,3,14,8,4,2.0,1000.0,1000.0,1000.0,1000.0,0.2372,-1.0,0.2477,16.28,0.9428,16.97
